Test Case,Average Time,Notation,All Move Times,Score:
1,0.09598721398,b4 b6 Bb2 g6 Bxh8 a6 Be5 c6 c4 f5 h4 Qc7 Bxc7 g5 hxg5 Bb7 Rxh7 Bh6 gxh6 Ra7 Bxb8 Bc8 Bxa7 Kd8 Rh8 d6 h7 f4 hxg8=Q+ Kc7 Qd8+ Kb7 Qxb6+ Ka8 Qxa6 e5 Qb6 e4 a3 c5 bxc5 d5 cxd5 e3 Rxc8#,"[0.06064033508300781, 0.0632333755493164, 0.058132171630859375, 0.08659696578979492, 0.14813804626464844, 0.06234574317932129, 0.09040331840515137, 0.062191009521484375, 0.12729120254516602, 0.06152677536010742, 0.16215848922729492, 0.06625938415527344, 0.2202930450439453, 0.05588102340698242, 0.1696929931640625, 0.056841373443603516, 0.14256787300109863, 0.04842376708984375, 0.2201375961303711, 0.04643368721008301, 0.16343235969543457, 0.054055213928222656, 0.1425313949584961, 0.03903913497924805, 0.10730385780334473, 0.032060861587524414, 0.06528496742248535, 0.03740119934082031, 0.24753332138061523, 0.006842613220214844, 0.3201322555541992, 0.005173206329345703, 0.2724916934967041, 0.004555702209472656, 0.13385224342346191, 0.02218031883239746, 0.10950922966003418, 0.017961978912353516, 0.12386178970336914, 0.01770782470703125, 0.11156487464904785, 0.017669200897216797, 0.15827322006225586, 0.009654045104980469, 0.0901639461517334]",0.7777777778
2,0.1079984361,g4 h5 gxh5 Rh7 e3 b6 Bb5 f6 Nh3 f5 Ba4 Ba6 d3 f4 exf4 Qc8 Na3 Nc6 Ng5 Qd8 Nxh7 e5 Bxc6 Rc8 Nxf8 Bc4 Bxd7+ Kf7 Bxc8 Qh4 Ng6 Qxf2+ Kxf2 a5 Nxe5+ Kf6 Naxc4 b5 Ng4+ Ke7 Qe2+ Kf7 Qe6+ Kf8 Nxa5 c6 Nxc6 Ne7 Qxe7+ Kg8 Kg3 b4 Nxb4 Kh8 a3 Kg8 Qc7 Kh7 h4 Kh8 d4 Kg8 Bb7 Kh7 b3 Kg8 Qe5 Kh8 d5 Kg8 Qe7 Kh8 Qf8+ Kh7 Rg1 g6 Qe7+ Kg8 Qg5 Kg7 Qxg6+ Kf8 Qc6 Kg7 Nh2 Kh7 c3 Kh8 Qa6 Kg7 a4 Kf7 Qa7 Kg8 Na6 Kg7 Ng4 Kf7 Qc5 Kg7 Ba3 Kh7 Qe3 Kg8 Qe4 Kf7 Nc7 Kg8 Ne8 Kf7 Rgd1 Kg8 Rg1 Kf7 Bc8 Kg8 Bc1 Kf7 Qe6+ Kf8 f5,"[0.06338381767272949, 0.054587602615356445, 0.12219405174255371, 0.0620579719543457, 0.07795405387878418, 0.07038712501525879, 0.11261367797851562, 0.059035301208496094, 0.12558221817016602, 0.0680396556854248, 0.1316847801208496, 0.07090902328491211, 0.10930967330932617, 0.0843048095703125, 0.17888355255126953, 0.07506251335144043, 0.1890401840209961, 0.13959288597106934, 0.1660318374633789, 0.12744450569152832, 0.23308372497558594, 0.10359764099121094, 0.1674942970275879, 0.12424278259277344, 0.27837133407592773, 0.09237909317016602, 0.304332971572876, 0.016529083251953125, 0.3877074718475342, 0.1446998119354248, 0.35480165481567383, 0.12238073348999023, 0.011655807495117188, 0.0686492919921875, 0.49790430068969727, 0.014449834823608398, 0.3713870048522949, 0.04513740539550781, 0.2346513271331787, 0.007189035415649414, 0.2731742858886719, 0.01094365119934082, 0.27854323387145996, 0.004171609878540039, 0.280564546585083, 0.03830766677856445, 0.2150256633758545, 0.026595592498779297, 0.2761044502258301, 0.004395484924316406, 0.2611057758331299, 0.021671772003173828, 0.2586097717285156, 0.027278661727905273, 0.29888200759887695, 0.02687978744506836, 0.295931339263916, 0.026607990264892578, 0.18073773384094238, 0.01877307891845703, 0.37085413932800293, 0.03023052215576172, 0.40590953826904297, 0.02044534683227539, 0.12024903297424316, 0.0075266361236572266, 0.2826364040374756, 0.025264263153076172, 0.13039755821228027, 0.007393360137939453, 0.20315170288085938, 0.015674114227294922, 0.17280912399291992, 0.004721641540527344, 0.14301347732543945, 0.00914907455444336, 0.09997200965881348, 0.015726089477539062, 0.1949775218963623, 0.015779495239257812, 0.11809539794921875, 0.007468461990356445, 0.07681393623352051, 0.015026569366455078, 0.08948540687561035, 0.01773691177368164, 0.07293033599853516, 0.010287284851074219, 0.06829714775085449, 0.009881734848022461, 0.08113312721252441, 0.016675949096679688, 0.08423495292663574, 0.018399715423583984, 0.07435393333435059, 0.01522970199584961, 0.08456897735595703, 0.014892578125, 0.07501029968261719, 0.011059999465942383, 0.09314918518066406, 0.015038013458251953, 0.09726524353027344, 0.012689828872680664, 0.11617088317871094, 0.013799428939819336, 0.123199462890625, 0.010344743728637695, 0.12852931022644043, 0.008608818054199219, 0.13364505767822266, 0.004652976989746094, 0.13152766227722168, 0.008579015731811523, 0.12988972663879395, 0.004798412322998047, 0.12839746475219727, 0.011457681655883789, 0.11801552772521973, 0.0035948753356933594, 0.043946027755737305]",0.479338843
3,0.07801746067,h3 Nc6 c3 b6 Qa4 d6 Qxc6+ Qd7 Qxa8 a5 f4 Qc6 Qxc6+ Bd7 Qa8+ Bc8 g4 b5 Qxc8#,"[0.05575728416442871, 0.05022239685058594, 0.054375410079956055, 0.06343603134155273, 0.0626838207244873, 0.10424160957336426, 0.21956276893615723, 0.008538246154785156, 0.13199567794799805, 0.07969832420349121, 0.10959458351135254, 0.07592391967773438, 0.1164393424987793, 0.005741119384765625, 0.11522650718688965, 0.002789020538330078, 0.08095169067382812, 0.051499366760253906, 0.09365463256835938]",0.7894736842
4,0.1205672046,a4 e5 h4 Na6 g3 h6 Bh3 e4 Kf1 Nb4 a5 Ke7 b3 h5 Ba3 e3 Bxb4+ Kf6 Bxf8 Ke5 Bxg7+ Ke4 Bg2+ Kf5 Bxh8 Qf8 fxe3 b6 Bxa8 d5 axb6 Qe8 bxa7 Qb5 Bxd5 Qxe2+ Nxe2 Bd7 Bxf7 Nf6 a8=Q Ke5 Bxh5 c6 c4 Be8 Bxe8 c5 Bc6 Kf5 Qc8+ Kg6 Qe6 Kh6 Bxf6 Kg6 Bd4+ Kh5 Qe8+ Kg4 Qe4+ Kh5 Ra5 Kh6 Bf6 Kh5 Bd5 Kh6 Ke1 Kh5 Qf3+ Kg6 Be5 Kh7 Kf1 Kg6 Qf6+ Kh5 e4 Kg4 Ba8 Kh5 Bc3 Kg4 Qd8 Kh5 Qe1 Kg6 Rh2 Kh7 Qe7+ Kg6 Kg2 Kh5 Ra2 Kg4 Rh1 Kh5 e5 Kg4 Ra1 Kh5 Rf1 Kg4 Rf4+ Kh5 Kf2 Kh6 Bh1 Kh5 Bc6 Kg6 Qd6+ Kh7 Qxc5 Kh6 Na3 Kh7 Ba8 Kg7 Bg2 Kg6 Ba8 Kh5 Qa5 Kh6 Bb7 Kh7 Bb2 Kg7 Qc3 Kh6 Rf5 Kh7 Nb5 Kg8 Qf3 Kg7 e6+ Kg6 e7 Kh7 Ra3 Kh6 Bc8 Kg6 Qa8 Kh6 Rf8 Kh5 Ra5 Kh6 Ra2 Kg6 Qg2 Kh7 Qa8 Kh6 Nf4 Kh7 Nd4 Kg7 Qe6 Kh7 Nh3 Kg7 e8=Q Kh7 Ra1 Kg7 Qd6 Kh7 Qaa6 Kg7 Qc7#,"[0.054488420486450195, 0.0624539852142334, 0.08374524116516113, 0.09568476676940918, 0.10352444648742676, 0.09704971313476562, 0.11195588111877441, 0.1115574836730957, 0.10475754737854004, 0.11139035224914551, 0.14007329940795898, 0.13266825675964355, 0.1233208179473877, 0.12237024307250977, 0.13921189308166504, 0.0945730209350586, 0.19232583045959473, 0.01741504669189453, 0.15310144424438477, 0.07383036613464355, 0.15770769119262695, 0.028659343719482422, 0.12118887901306152, 0.005115985870361328, 0.14219212532043457, 0.08706998825073242, 0.29186320304870605, 0.08896112442016602, 0.4038083553314209, 0.09090518951416016, 0.27698206901550293, 0.10721349716186523, 0.3840601444244385, 0.08397722244262695, 0.3987693786621094, 0.17378759384155273, 0.06851410865783691, 0.06357145309448242, 1.2343149185180664, 0.08650469779968262, 0.5884339809417725, 0.0744330883026123, 0.1855607032775879, 0.07307720184326172, 0.14359569549560547, 0.04212522506713867, 0.15886425971984863, 0.018623828887939453, 0.10517716407775879, 0.011561870574951172, 0.24338865280151367, 0.013892650604248047, 0.30124711990356445, 0.014840841293334961, 0.16261744499206543, 0.013853788375854492, 0.16869640350341797, 0.010152816772460938, 0.10433340072631836, 0.008990287780761719, 0.18442893028259277, 0.004128694534301758, 0.15070557594299316, 0.004678964614868164, 0.18506288528442383, 0.004771232604980469, 0.1335148811340332, 0.005213022232055664, 0.11867570877075195, 0.004212141036987305, 0.12073493003845215, 0.00768589973449707, 0.14890503883361816, 0.010644197463989258, 0.14044189453125, 0.008773326873779297, 0.16555547714233398, 0.010172843933105469, 0.13838624954223633, 0.004552125930786133, 0.11693668365478516, 0.0051479339599609375, 0.11136460304260254, 0.004584550857543945, 0.10629057884216309, 0.009140253067016602, 0.158797025680542, 0.01248025894165039, 0.18840456008911133, 0.01876091957092285, 0.13446927070617676, 0.013112306594848633, 0.1511523723602295, 0.009268522262573242, 0.16686177253723145, 0.014191865921020508, 0.10926532745361328, 0.004489898681640625, 0.1827237606048584, 0.01611781120300293, 0.12685608863830566, 0.008399009704589844, 0.1572425365447998, 0.015148401260375977, 0.11238288879394531, 0.004448652267456055, 0.1692640781402588, 0.009970903396606445, 0.15241217613220215, 0.009378910064697266, 0.1369915008544922, 0.010795354843139648, 0.1698465347290039, 0.013656377792358398, 0.19976282119750977, 0.025612354278564453, 0.12637901306152344, 0.024283885955810547, 0.13788676261901855, 0.023717641830444336, 0.12841558456420898, 0.022668838500976562, 0.12442445755004883, 0.017185688018798828, 0.10846066474914551, 0.007993459701538086, 0.10898208618164062, 0.018395185470581055, 0.1262831687927246, 0.02171945571899414, 0.13477778434753418, 0.019515275955200195, 0.11091065406799316, 0.011996030807495117, 0.10526371002197266, 0.022838354110717773, 0.12968873977661133, 0.014527320861816406, 0.14555764198303223, 0.02091360092163086, 0.171783447265625, 0.011838912963867188, 0.4416182041168213, 0.016557931900024414, 0.28040480613708496, 0.010248422622680664, 0.2875850200653076, 0.010818243026733398, 0.3660006523132324, 0.030049800872802734, 0.4250192642211914, 0.016739845275878906, 0.6778049468994141, 0.02983379364013672, 0.6586644649505615, 0.01725172996520996, 0.31565356254577637, 0.011052131652832031, 0.4399690628051758, 0.007112026214599609, 0.23047137260437012, 0.012661457061767578, 0.369795560836792, 0.006264925003051758, 0.19635915756225586, 0.007334470748901367, 0.2120962142944336, 0.006769895553588867, 0.16748619079589844, 0.007683992385864258, 0.21752476692199707, 0.007845640182495117, 0.239288330078125, 0.007919073104858398, 0.19986414909362793]",0.9657142857
5,0.1565011905,c3 Nh6 Qc2 Nf5 Qxf5 b6 Qh3 f6 f3 g6 Na3 h5 e3 Kf7 Qh4 f5 g3 Qe8 Bd3 Na6 Qd4 Bg7 Qd5+ e6 Qxa8 Nb8 Qxb8 g5 Qxc7 Bd4 exd4 Qe7 Rb1 Rh7 Qxc8 Kf6 Kf1 Qf7 Nh3 d5 Ra1 Kg6 Qa8 a5 Rb1 Qe7 Qg8+ Qg7 Qxe6+ Qf6 Bxf5+ Kg7 Qd7+ Qe7 Qxe7+ Kh8 Bxh7 a4 Nxg5 h4 gxh4 b5 Nxb5 a3 bxa3,"[0.0560455322265625, 0.052988529205322266, 0.05910491943359375, 0.0867760181427002, 0.12257766723632812, 0.07110953330993652, 0.15100598335266113, 0.06597471237182617, 0.08603239059448242, 0.07007956504821777, 0.07400298118591309, 0.07976889610290527, 0.0816812515258789, 0.07704567909240723, 0.10956430435180664, 0.10954046249389648, 0.15216302871704102, 0.09618043899536133, 0.14842486381530762, 0.08342814445495605, 0.32561230659484863, 0.10647940635681152, 0.34093165397644043, 0.014768362045288086, 0.3596062660217285, 0.16741108894348145, 0.19662094116210938, 0.16399884223937988, 0.20995879173278809, 0.11966061592102051, 0.380434513092041, 0.09449124336242676, 0.3001117706298828, 0.12599420547485352, 0.26117515563964844, 0.09182047843933105, 0.38930487632751465, 0.08205127716064453, 0.3140270709991455, 0.07368803024291992, 0.3699345588684082, 0.07843542098999023, 0.39841485023498535, 0.08356094360351562, 0.5072295665740967, 0.12191653251647949, 0.745708703994751, 0.028149127960205078, 0.28943777084350586, 0.006201028823852539, 0.3716423511505127, 0.007055044174194336, 0.3230125904083252, 0.02249884605407715, 0.21201205253601074, 0.012045145034790039, 0.20157837867736816, 0.016728639602661133, 0.1328737735748291, 0.009838342666625977, 0.09888720512390137, 0.004010200500488281, 0.0836336612701416, 0.004122018814086914, 0.09200882911682129]",0.9384615385
6,0.1606775249,a4 f5 d3 e6 Ra2 Ne7 Bg5 Rg8 f3 b6 h3 Bb7 Ra1 Nd5 Bxd8 Nc6 e4 Nb8 exd5 Bc5 Bxc7 Bd6 Bxd6 a6 a5 h6 axb6 a5 d4 h5 g3 Kf7 dxe6+ Kg6 e7 Kf6 Rxa5 f4 Rxa8 Rh8 Rxb8 Kg6 Rxh8 Kf7 e8=Q+ Kf6 Bxf4 Bc8 Qxc8 g6 b7 Ke7 b8=Q h4 Bg5+ Kf7 Bc4+ d5 Bxd5+ Kg7 Bxh4 g5 Rg8+ Kh6 Qe6+ Kh5 Qee8+ Kh6 Rh8+ Kg7 Qb7+ Kf6 Rh6+ Kf5 g4+ Kf4 Qef7+ Ke3 Qfe7+ Kf4 Qd6+ Ke3 Bxg5#,"[0.05739450454711914, 0.05430197715759277, 0.06322526931762695, 0.06828427314758301, 0.12868905067443848, 0.10463953018188477, 0.10023617744445801, 0.10457777976989746, 0.10795712471008301, 0.0946662425994873, 0.11075687408447266, 0.09699225425720215, 0.14698457717895508, 0.12872862815856934, 0.18776679039001465, 0.11290264129638672, 0.15230274200439453, 0.15270137786865234, 0.22172069549560547, 0.08879852294921875, 0.1747596263885498, 0.1082766056060791, 0.19637513160705566, 0.07565855979919434, 0.22606539726257324, 0.06479740142822266, 0.23410773277282715, 0.05872392654418945, 0.2319948673248291, 0.08638477325439453, 0.3079712390899658, 0.07161188125610352, 0.3064136505126953, 0.020197153091430664, 0.29183506965637207, 0.1194148063659668, 0.3756544589996338, 0.13459277153015137, 0.5597918033599854, 0.1179349422454834, 0.409121036529541, 0.10234260559082031, 0.35985517501831055, 0.05349898338317871, 0.6960632801055908, 0.004919767379760742, 0.4297177791595459, 0.06554913520812988, 0.17323660850524902, 0.047524213790893555, 0.24024629592895508, 0.05769467353820801, 0.8455822467803955, 0.07193565368652344, 0.5194888114929199, 0.019879579544067383, 0.4199965000152588, 0.014500856399536133, 0.27272748947143555, 0.007094383239746094, 0.18134021759033203, 0.0067059993743896484, 0.3022925853729248, 0.01604485511779785, 0.2521789073944092, 0.012332677841186523, 0.15508627891540527, 0.004899501800537109, 0.24281096458435059, 0.0068264007568359375, 0.24084877967834473, 0.006466388702392578, 0.26245856285095215, 0.00785374641418457, 0.14687299728393555, 0.007551431655883789, 0.17837882041931152, 0.006022453308105469, 0.13718438148498535, 0.007117748260498047, 0.1462714672088623, 0.0063741207122802734, 0.14515137672424316]",1.13253012
7,0.1519138149,Nf3 b6 Ng5 h6 Ne4 e6 a3 Na6 h3 Be7 e3 Nb4 axb4 Rb8 b5 Bf8 Rxa7 d5 Nec3 Kd7 Qe2 Bc5 g3 Ba6 bxa6 Qe7 Qb5+ Kd6 Na2 Qf6 Ke2 Ke7 Rxc7+ Kd6 Rxc5 Rh7 a7 Qg6 axb8=Q+ Ke7 Qxg8 Kd6 Qxb6+ Ke7 Rxd5 Qd3+ Rxd3 Kf6 Qxh7 Ke7 Qxg7 h5 Qb7+ Ke8 Qf6 h4 gxh4 e5 Qxe5+ Kf8 Qee7+ Kg8 Qb8+ Kh7 Qeb7 Kg7 Qe5+ Kg6 Qe8 Kf6 Qba8 Kg6 b4 Kh7 Rd7 Kg6 Rd6+ Kh7 Qxf7#,"[0.05515861511230469, 0.05494999885559082, 0.06137537956237793, 0.08057618141174316, 0.11621522903442383, 0.03988385200500488, 0.09467816352844238, 0.06425070762634277, 0.12247228622436523, 0.05824851989746094, 0.10370421409606934, 0.07565546035766602, 0.3516354560852051, 0.07728409767150879, 0.37284350395202637, 0.08018875122070312, 0.4373960494995117, 0.1110832691192627, 0.23505330085754395, 0.1366722583770752, 0.19019389152526855, 0.10827016830444336, 0.26102209091186523, 0.1220395565032959, 0.2775256633758545, 0.12823796272277832, 0.22848010063171387, 0.012961626052856445, 0.4182713031768799, 0.11976337432861328, 0.4792194366455078, 0.1336205005645752, 0.34716296195983887, 0.010854244232177734, 0.39333128929138184, 0.1159219741821289, 0.29567885398864746, 0.13525986671447754, 0.5196750164031982, 0.004757404327392578, 0.39737868309020996, 0.1092524528503418, 0.35327816009521484, 0.024630308151245117, 0.41086602210998535, 0.11947917938232422, 0.07826519012451172, 0.059812307357788086, 0.34485626220703125, 0.02472686767578125, 0.1496138572692871, 0.013616800308227539, 0.13653087615966797, 0.004959583282470703, 0.19243359565734863, 0.014363765716552734, 0.20570135116577148, 0.0082244873046875, 0.1279895305633545, 0.004621744155883789, 0.21968817710876465, 0.008223295211791992, 0.2172682285308838, 0.009794950485229492, 0.17400646209716797, 0.01684713363647461, 0.19901061058044434, 0.025979280471801758, 0.24709296226501465, 0.027716875076293945, 0.1515491008758545, 0.013471841812133789, 0.16609835624694824, 0.026988983154296875, 0.20336174964904785, 0.014222145080566406, 0.20040082931518555, 0.02210831642150879, 0.24518847465515137]",0.7848101266
8,0.145408447,b4 b6 Bb2 a6 c4 f6 Bd4 Nc6 Bc3 Ra7 h4 e6 a3 h5 e4 Nh6 Qxh5+ Ke7 g3 Rg8 Kd1 Ne5 Bxe5 g6 Bxf6+ Ke8 Qxh6 d6 Qxf8+ Kd7 Qf7+ Kc6 b5+ Kb7 bxa6+ Kb8 Bxd8 Rh8 Bxc7+ Ka8 Qf6 g5 Bxb6 Rg7 Qxg7 Bd7 Qxh8+ Be8 hxg5 d5 exd5 Kb8 dxe6 Kc8 a7 Kb7 Qxe8 Ka6 c5+ Kb7 Ne2 Ka6 Nd4+ Kb7 a8=Q#,"[0.0577855110168457, 0.05593466758728027, 0.059710025787353516, 0.09434199333190918, 0.08547830581665039, 0.08319377899169922, 0.10495471954345703, 0.07361721992492676, 0.1279006004333496, 0.09453415870666504, 0.10283422470092773, 0.09183025360107422, 0.13462448120117188, 0.12300515174865723, 0.1311960220336914, 0.14327311515808105, 0.20963072776794434, 0.014960289001464844, 0.24321532249450684, 0.08814167976379395, 0.26099586486816406, 0.08513545989990234, 0.26309990882873535, 0.06337356567382812, 0.2435302734375, 0.018411874771118164, 0.34225010871887207, 0.09461474418640137, 0.3029038906097412, 0.013500213623046875, 0.22370481491088867, 0.010762929916381836, 0.38225769996643066, 0.015414237976074219, 0.38945722579956055, 0.023520231246948242, 0.4463350772857666, 0.07163739204406738, 0.21908259391784668, 0.0070879459381103516, 0.31955409049987793, 0.0772712230682373, 0.2760317325592041, 0.10837483406066895, 0.36750340461730957, 0.06437516212463379, 0.5351166725158691, 0.011521100997924805, 0.2562596797943115, 0.02281022071838379, 0.4034712314605713, 0.022051334381103516, 0.4117739200592041, 0.015113353729248047, 0.1690361499786377, 0.005613803863525391, 0.4234192371368408, 0.007317781448364258, 0.1490490436553955, 0.004032135009765625, 0.05208873748779297, 0.0037107467651367188, 0.09090566635131836, 0.005457401275634766, 0.05245208740234375]",2.184615385
9,0.1760129741,b3 e5 Bb2 g5 Bxe5 f6 Bg3 b6 e3 c6 Qg4 Be7 e4 Kf8 Qf5 Ba3 Nxa3 g4 Qxg4 c5 Nc4 Ke7 Qg7+ Ke6 Qxh8 d6 Nxd6 Qe7 Qxg8+ Kd7 Qg4+ Qe6 Bb5+ Kd8 Nb7+ Ke7 Qg7+ Qf7 Bd6+ Ke6 Bc4+ Kd7 Qxf7+ Kc6 Bd5+ Kb5 Bc4+ Kb4 c3+ Ka3 Nd8 Bg4 Qb7 Be2 Kxe2 Nc6 Qxa8 f5 Nxc6 a5 exf5 h6 Bg8 Kb2 Nf3 c4 bxc4 b5 cxb5 h5 Nxa5 h4 a4 Kc2 Be5 Kb2 Be6 Kc2 Qb7 Kb2 Rag1 h3 Nc4+ Kb3 Nb6+ Kb2 Rb1+ Ka3 gxh3,"[0.056812286376953125, 0.05535578727722168, 0.08348202705383301, 0.15638399124145508, 0.10215902328491211, 0.13842177391052246, 0.130873441696167, 0.09964966773986816, 0.09385848045349121, 0.13137292861938477, 0.21488261222839355, 0.10183572769165039, 0.48676538467407227, 0.09186553955078125, 0.39563679695129395, 0.12006926536560059, 0.6115162372589111, 0.11493158340454102, 0.5243186950683594, 0.08816742897033691, 0.24113202095031738, 0.0836937427520752, 0.23904967308044434, 0.01007533073425293, 0.19806718826293945, 0.08771395683288574, 0.20756077766418457, 0.10853409767150879, 0.19562125205993652, 0.009382247924804688, 0.3250293731689453, 0.028633832931518555, 0.36414337158203125, 0.01930403709411621, 0.6875655651092529, 0.010626554489135742, 0.6933426856994629, 0.005077838897705078, 0.36275744438171387, 0.004931211471557617, 0.45006322860717773, 0.0067861080169677734, 0.3000619411468506, 0.004876613616943359, 0.2650599479675293, 0.004484891891479492, 0.29436564445495605, 0.009924650192260742, 0.4317176342010498, 0.006636381149291992, 0.4194316864013672, 0.14117980003356934, 0.9320883750915527, 0.09505891799926758, 0.35093235969543457, 0.05187368392944336, 0.20329833030700684, 0.06340885162353516, 0.16080832481384277, 0.04335927963256836, 0.2617764472961426, 0.02920842170715332, 0.20144319534301758, 0.020745038986206055, 0.2460925579071045, 0.03448915481567383, 0.2886333465576172, 0.02339911460876465, 0.2642700672149658, 0.018562793731689453, 0.21423721313476562, 0.01233220100402832, 0.2075796127319336, 0.011276483535766602, 0.20952844619750977, 0.011001825332641602, 0.22318553924560547, 0.012143135070800781, 0.21729421615600586, 0.012113332748413086, 0.22642874717712402, 0.016188621520996094, 0.2833232879638672, 0.015865087509155273, 0.20961523056030273, 0.017162799835205078, 0.29854798316955566, 0.014293909072875977, 0.14839935302734375]",1.191011236
10,0.1076315917,a4 a5 b3 h6 Bb2 Rh7 Be5 g5 e3 Na6 Bd3 d5 Bxh7 f6 Bb2 Kf7 f3 Bg7 Ra3 e5 Qe2 Be6 Ba1 c5 Kf2 Bh3 gxh3 Kf8 Ra2 d4 e4 Qb6 Qd3 Ne7 Ke2 Qc7 Ra3 Ng6 Bxg6 Qd6 Bh7 Re8 Bg6 Rc8 Bf5 Kg8 Bxc8 Qc7 Be6+ Kh7 Bf5+ Kg8 Qc4+ Qf7 Bh7+ Kf8 Qb5 Qc4+ Qxc4 d3+ Qxd3 Ke7 Qc4 Nb8 Qg8 Kd6 Qxb8+ Ke7 Qxb7+ Kd6 Qxg7 c4 bxc4 f5 Qxh6+ Kd7 Bxf5+ Kd8 Bxe5 g4 Qh4+ Ke8 Bg6+ Kf8 hxg4 Kg8 Bc7 Kf8 Kf2 Kg7 Qh5 Kf8 e5 Ke7 h3 Ke6 d4 Kd7 Qh7+ Kc8 Ke1 Kb7 Rd3 Ka7 Re3 Kb7 Qg7 Ka7 Qe7 Kb7 Bh5 Ka7 c3 Kb7 Bxa5+ Kc6 Qa7,"[0.05366873741149902, 0.0537264347076416, 0.05469846725463867, 0.059130191802978516, 0.06723213195800781, 0.08569645881652832, 0.13351798057556152, 0.07932472229003906, 0.1512892246246338, 0.08237934112548828, 0.32456159591674805, 0.09508657455444336, 0.585564374923706, 0.13175106048583984, 0.1965198516845703, 0.10634756088256836, 0.16158819198608398, 0.08630180358886719, 0.14555120468139648, 0.08601880073547363, 0.1307673454284668, 0.09887409210205078, 0.18094921112060547, 0.10232400894165039, 0.2030646800994873, 0.1122732162475586, 0.20121383666992188, 0.08872270584106445, 0.15737605094909668, 0.12615203857421875, 0.1659693717956543, 0.11654496192932129, 0.16395068168640137, 0.11254477500915527, 0.28194308280944824, 0.10024452209472656, 0.27220678329467773, 0.16068792343139648, 0.18908190727233887, 0.11679553985595703, 0.35702085494995117, 0.14277148246765137, 0.34981632232666016, 0.18710088729858398, 0.2749061584472656, 0.11168980598449707, 0.1788959503173828, 0.07962179183959961, 0.1468944549560547, 0.011677265167236328, 0.2310492992401123, 0.005835056304931641, 0.18673992156982422, 0.010280370712280273, 0.16014909744262695, 0.011553287506103516, 0.17270183563232422, 0.07900881767272949, 0.045818328857421875, 0.03424978256225586, 0.04367542266845703, 0.04707527160644531, 0.18955588340759277, 0.04565715789794922, 0.1941697597503662, 0.040462493896484375, 0.1599442958831787, 0.012757301330566406, 0.17363953590393066, 0.016707420349121094, 0.13163971900939941, 0.028246402740478516, 0.12235856056213379, 0.02425694465637207, 0.12651419639587402, 0.01337432861328125, 0.12653636932373047, 0.01447439193725586, 0.12215113639831543, 0.012753486633300781, 0.20940828323364258, 0.004288196563720703, 0.1704263687133789, 0.0077667236328125, 0.16233062744140625, 0.003734588623046875, 0.07272052764892578, 0.00686335563659668, 0.08283853530883789, 0.007065296173095703, 0.12859272956848145, 0.00998997688293457, 0.0954749584197998, 0.010074377059936523, 0.08523368835449219, 0.009282827377319336, 0.05804896354675293, 0.006283283233642578, 0.10465455055236816, 0.010148763656616211, 0.07290220260620117, 0.003202676773071289, 0.1295168399810791, 0.019069910049438477, 0.10078048706054688, 0.009811162948608398, 0.13471174240112305, 0.017009258270263672, 0.10000967979431152, 0.010775566101074219, 0.18374371528625488, 0.02018141746520996, 0.11442327499389648, 0.009447813034057617, 0.13802623748779297, 0.01604604721069336, 0.02263927459716797]",0.8461538462
11,0.1411214714,h4 Nf6 b4 Nc6 Bb2 g5 hxg5 Bg7 b5 b6 bxc6 e5 Bxe5 Qe7 gxf6 Qb4 fxg7 Qxd2+ Qxd2 Bb7 gxh8=Q+ Ke7 Qg5+ Ke6 Qh6+ Kd5 Nc3+ Kc5 Ne4+ Kb5 Nc3+ Kc4 Rh4+ Kc5 Ne4+ Kb4 Bc3+ Ka4 Ng5+ Kb5 e4+ Ka4 e5+ Ka3 Bb4+ Kb2 cxb7 f5 Bc3+ Kxc3 Rc4+ Kb2 bxa8=Q c6 e6+ Ka3 exd7 a5 Q6xh7 a4 Qxf5 b5 Rxc6 Kb4 Qxb5+ Ka3 Qf5 Kb4 d8=Q Ka3 Qfc8 Kb4 Qb6+ Ka3 Qe3+ Kb4 Ne6 a3 Ne2 Kb5 Qhh3 Kb4 f3 Kb5 f4 Kb4 Qg4 Kb5 Kd1 Kb4 Qg7 Kb5 g3 Kb4 Qab8+ Ka5 Ke1 Ka4 Qbb7 Ka5 Bg2 Ka4 Qg4 Ka5 Kf2 Ka4 Qd3 Ka5 Rh1 Ka4 Bh3 Ka5 c4 Ka4 Bg2 Ka5 Rc1 Ka4 Qbd7 Ka5 Qa8+ Kb4 Qb8+ Ka4 Qdc8 Ka5 Rf1 Ka4 Qbb1 Ka5 Qe8 Ka4 Qh8 Ka5 Re1 Ka4 Nc7 Ka5 Qgc8 Ka4 Qcf8 Ka5 Na6 Ka4 Rc8 Ka5 Qhh6 Ka4 Rc1 Ka5 Qb7 Ka4 Qbb3+ Ka5 Qb8 Ka4 Qhg6 Ka5 Bb7 Ka4 Qge8+ Ka5 Qg8 Kb6 Qeg6+ Ka5 Kf3 Ka4 Q8e6 Ka5 Rc7 Ka4 g4 Ka5 Rg7 Ka4 Qee3 Ka5 Qa8 Ka4 Qge8+ Ka5 Qe3e4 Kb6 Bc6 Ka5 Q8e7 Kb6 Q7e6 Ka5 Re7 Kb6 Rd7 Ka5 g5 Kb6 g6 Ka5 g7 Kb6 g8=Q Ka5 Qg2 Kb6 Rd4 Ka5 Q4d5+ Kb6 Nc5 Kc7 Kg4 Kb6 Nb7 Kc7 Q5f3 Kb6 Qff1 Kc7 Qe1 Kb6 Qdd2 Kc7 Qeg8 Kb6 Qeg1 Kc7 Qh7+ Kb6 Qhd3 Kc7 Rf1 Kb6 Q3e3 Kc7 Kh3 Kb6 Qb3+ Kc7 Qa6 Kc8 Qab5 Kc7 Rf2 Kb8 Qg4 Ka8 Bh1 Kb8 Qa6 Kc7 Qdd1 Kb8 Rf3 Kc7 Qde1 Kb8 Qge6 Kc7 Qc2 Kb8 Rd1 Kc7 Qg5 Kb8 Rd4 Kc7 Qg7+ Kb8 Qac6 Ka7 Qd3 Ka8 Qf2 Kb8 Qgc7+ Ka7 Rg3 Ka8 Qf1 Ka7 Rd7 Ka8 Rd4 Ka7 Qed6 Ka8 Qe5 Ka7 Qeg7 Ka8 Qde4 Ka7 Qc2 Ka8 Kh2 Ka7 Kg1 Ka8 Q7d6 Ka7 Qgg6 Ka8 Qcf3 Ka7 Qfd1 Ka8 Qa1 Ka7 Qd7 Kb8 Qde8+ Ka7 Qe7 Ka8 Qcf5 Ka7 Qf2 Ka8 Rd1 Kb8 Rxa3,"[0.05451393127441406, 0.05143451690673828, 0.06766390800476074, 0.06737041473388672, 0.09196305274963379, 0.09838390350341797, 0.20638775825500488, 0.11344599723815918, 0.25078678131103516, 0.12048125267028809, 0.29764246940612793, 0.10663127899169922, 0.3633534908294678, 0.12561368942260742, 0.26950621604919434, 0.1355571746826172, 0.412076473236084, 0.1990664005279541, 0.011558294296264648, 0.08307147026062012, 1.3764142990112305, 0.0077838897705078125, 0.3502628803253174, 0.01752305030822754, 0.36670827865600586, 0.04862666130065918, 0.40755367279052734, 0.024164676666259766, 0.4478280544281006, 0.03017878532409668, 0.29519009590148926, 0.03708028793334961, 0.25705838203430176, 0.006074428558349609, 0.26969432830810547, 0.0286405086517334, 0.30566835403442383, 0.027962923049926758, 0.2622971534729004, 0.013290882110595703, 0.26940035820007324, 0.013480901718139648, 0.25958824157714844, 0.005881786346435547, 0.24249529838562012, 0.015103816986083984, 0.3048274517059326, 0.145249605178833, 0.3871006965637207, 0.03290438652038574, 0.2940952777862549, 0.007266044616699219, 0.31624674797058105, 0.06802034378051758, 0.34114861488342285, 0.007172107696533203, 0.24138998985290527, 0.03732419013977051, 0.6518344879150391, 0.028078079223632812, 0.4616684913635254, 0.015376567840576172, 0.5257039070129395, 0.016119956970214844, 0.41535472869873047, 0.005198240280151367, 0.03175520896911621, 0.008805274963378906, 0.3850107192993164, 0.014769554138183594, 0.260026216506958, 0.008313179016113281, 0.2885582447052002, 0.00512385368347168, 0.03493523597717285, 0.009421825408935547, 0.24463391304016113, 0.005867719650268555, 0.037129878997802734, 0.008276939392089844, 0.17394566535949707, 0.005820035934448242, 0.14805006980895996, 0.009573936462402344, 0.15082740783691406, 0.0056536197662353516, 0.13354086875915527, 0.00716853141784668, 0.14574623107910156, 0.005469799041748047, 0.12234973907470703, 0.007985591888427734, 0.1600790023803711, 0.005906820297241211, 0.1391735076904297, 0.013128042221069336, 0.19839143753051758, 0.006098270416259766, 0.18386149406433105, 0.008164405822753906, 0.21489739418029785, 0.006709575653076172, 0.28785037994384766, 0.011558055877685547, 0.3229820728302002, 0.009366989135742188, 0.3170602321624756, 0.0173037052154541, 0.3945803642272949, 0.012542247772216797, 0.4690268039703369, 0.013794660568237305, 0.23759198188781738, 0.006516218185424805, 0.19289708137512207, 0.008092641830444336, 0.2430884838104248, 0.007537841796875, 0.2214493751525879, 0.014002561569213867, 0.3084244728088379, 0.00575566291809082, 0.0418550968170166, 0.015393495559692383, 0.23087763786315918, 0.008078813552856445, 0.21029186248779297, 0.011126518249511719, 0.17335867881774902, 0.007034778594970703, 0.19083786010742188, 0.006493330001831055, 0.18993782997131348, 0.008978605270385742, 0.24200844764709473, 0.007026195526123047, 0.24164795875549316, 0.008789539337158203, 0.28438520431518555, 0.007271766662597656, 0.25304746627807617, 0.009735107421875, 0.23884201049804688, 0.006863594055175781, 0.2339611053466797, 0.008090972900390625, 0.25208115577697754, 0.006803035736083984, 0.21556997299194336, 0.008574247360229492, 0.22514915466308594, 0.008026361465454102, 0.272937536239624, 0.006391048431396484, 0.05238699913024902, 0.006905794143676758, 0.22173690795898438, 0.008061885833740234, 0.2409224510192871, 0.006337165832519531, 0.18767499923706055, 0.006391048431396484, 0.1756298542022705, 0.008661031723022461, 0.18087363243103027, 0.008688926696777344, 0.20971179008483887, 0.006045818328857422, 0.16434240341186523, 0.007894039154052734, 0.19480443000793457, 0.006705284118652344, 0.21149754524230957, 0.00781559944152832, 0.1993255615234375, 0.006552457809448242, 0.19074082374572754, 0.007912874221801758, 0.19911766052246094, 0.006277322769165039, 0.16496539115905762, 0.005883932113647461, 0.06995534896850586, 0.008306741714477539, 0.16029572486877441, 0.005784034729003906, 0.17132258415222168, 0.008017778396606445, 0.163316011428833, 0.006164073944091797, 0.1920928955078125, 0.008386373519897461, 0.16338038444519043, 0.005742549896240234, 0.1706240177154541, 0.008153676986694336, 0.17314696311950684, 0.006850242614746094, 0.18675565719604492, 0.00865793228149414, 0.19246578216552734, 0.007122993469238281, 0.2275090217590332, 0.009982585906982422, 0.2231307029724121, 0.006366729736328125, 0.21825838088989258, 0.006368875503540039, 0.0787954330444336, 0.016807079315185547, 0.36814236640930176, 0.011165857315063477, 0.396564245223999, 0.017507076263427734, 0.40813159942626953, 0.012586355209350586, 0.45229601860046387, 0.017656326293945312, 0.2536959648132324, 0.007482290267944336, 0.2898223400115967, 0.009264469146728516, 0.19857263565063477, 0.006312131881713867, 0.22774648666381836, 0.009093284606933594, 0.1831519603729248, 0.007538557052612305, 0.1166379451751709, 0.009374856948852539, 0.19676470756530762, 0.011648178100585938, 0.2579531669616699, 0.008321046829223633, 0.18829035758972168, 0.006996631622314453, 0.23545098304748535, 0.007027626037597656, 0.0925438404083252, 0.013176202774047852, 0.24752163887023926, 0.013269901275634766, 0.29248857498168945, 0.014469385147094727, 0.4620676040649414, 0.021129131317138672, 0.34495019912719727, 0.014781475067138672, 0.4538757801055908, 0.007465362548828125, 0.23537802696228027, 0.0071032047271728516, 0.22527766227722168, 0.008094072341918945, 0.19518208503723145, 0.007832765579223633, 0.23768019676208496, 0.007930517196655273, 0.2496178150177002, 0.007963180541992188, 0.2888166904449463, 0.008932828903198242, 0.28898096084594727, 0.008564949035644531, 0.31386470794677734, 0.00948190689086914, 0.32860803604125977, 0.00724339485168457, 0.10507035255432129, 0.016768932342529297, 0.45639967918395996, 0.016259431838989258, 0.4356696605682373, 0.01483917236328125, 0.3588435649871826, 0.013782024383544922, 0.1868593692779541, 0.008723974227905273, 0.24139118194580078, 0.00817251205444336, 0.2377331256866455, 0.007941484451293945, 0.22829461097717285, 0.007909536361694336, 0.2416224479675293, 0.007404327392578125, 0.19604873657226562, 0.009308815002441406, 0.2552621364593506, 0.008305072784423828, 0.24029135704040527, 0.007804393768310547, 0.3548147678375244, 0.013998985290527344, 0.43459463119506836, 0.011741161346435547, 0.4742567539215088, 0.018088817596435547, 0.4856836795806885, 0.008204460144042969, 0.2605609893798828, 0.009248018264770508, 0.3188345432281494, 0.011432647705078125, 0.349900484085083, 0.010716676712036133, 0.3302750587463379, 0.013596534729003906, 0.3869202136993408, 0.027257680892944336, 0.5747420787811279, 0.01424551010131836, 0.1169588565826416, 0.0158541202545166, 0.3361189365386963, 0.016915559768676758, 0.3705620765686035, 0.01692032814025879, 0.3643803596496582, 0.00983119010925293, 0.36292171478271484]",0.8722741433
12,0.09243202445,d3 Nc6 Bg5 d6 Nf3 a5 e3 h6 Bf4 Rh7 Na3 Be6 Qb1 Bd7 Nh4 e5 Bg3 Nd4 exd4 Bb5 Nxb5 g5 Nf3 b6 dxe5 Be7 exd6 Bf6 Nxc7+ Kd7 Nxg5 Bh8 Nxh7 Bg7 Be5 Qg5 Nxg5 Kd8 Nxf7+ Kc8 Nxa8 Bh8 Bxh8 a4 Nxb6+ Kb8 d7 Kb7 d8=Q Kc6 Nxa4 Kb7 c3 h5 Qg5 Kc7 b4 Ne7 Qc5+ Nc6 Kd2 Kb7 Qb5+ Ka8 Qxc6+ Kb8 Qb5+ Kc8 Bf6 Kc7 Qd1 Kc8 Qbxh5 Kc7 Qa5+ Kb7 Qdh5 Kb8 f3 Kb7 Rc1 Kb8 Qh3 Kb7 Nh6 Kb8 Qc5 Kb7 d4 Ka8 Bh4 Kb7 Qc4 Ka8 Kd3 Kb7 Qd7+ Ka8 Qe7 Kb8 Ra1 Ka8 Qd8+ Ka7 Qb3 Kb7 Qdg8 Ka6 Qg6+ Kb7 Nb2 Ka7 Bg5 Kb7 Na4 Kc7 Kc4 Kb8 Ng8 Ka8 Bh6 Ka7 Qgc2 Kb7 Qcb2 Ka6 Rd1 Kb7 Rb1 Kc7 Q2c2 Kd6 Bd2 Kc7 g3 Kc6 Bh6 Kd6 Qe4 Kc7 Be3 Kc8 h4 Kd7 Ra1 Kc8 Nb2 Kc7 Qbc2 Kd7 Bh6 Kc8 Be3 Kc7 Bc1 Kc8 Bh3+ Kd8 Bh6 Kc7 Rhe1 Kd8 Qd1 Kc7 Qf4+ Kb6 Qg5 Kc6 Re2 Kb6 Re1 Kc6 Bf8 Kb6 Qdc1 Ka6 Bg7 Ka7 Qg6 Ka8 Qh7 Kb8 Qd3 Ka8 Kb3 Ka7 Qf1 Kb7 Bf8 Kc7 Nc4 Kb7 Rd1 Kb8 Kc2 Ka7 Kb3 Kb8 Bc5 Kc7 Ne7 Kb7 Qb2 Kb8 Bf5 Kb7 Qbf2 Kc7 Be6 Kb8 Rdb1 Kb7 Rb2 Ka8 f4 Kb8 Rc2 Kb7 Bb6 Kb8 Ng6 Ka8 Rac1 Kb8 Bg4 Ka8 Nge5 Kb7 Ka4 Kb8 Qh3 Ka8 b5 Kb8 Bd8 Ka7 Rf1 Kb8 Bf5 Ka8 Qd2 Kb7 Qh1+ Ka7 Be6 Kb8 Bg8 Kc8 Bf6 Kc7 Bh8 Kc8 Ng4 Kd7 Ka5 Kc8 Qf2 Kd7 Qfh2 Kc8 Qd2 Kd8 Qe4 Kc7 Qf5 Kb7 Qc5 Kb8 Qd5 Kc8 Qc1 Kc7 Be6 Kb8 Qa3 Kc7 Rb1 Kb8 Bf6 Ka7 Qg5 Ka8 Qf5 Kb7 Nf2 Kc7 Qd5 Kb8 Qh1 Kc7 Qh2 Kb7 Bg7 Ka7 Nh3 Kb7 Rbc1 Ka8 Bg4 Kb8 Bf5 Ka8 d5 Ka7 Qb2 Kb8 Ne3 Ka8 Bd4 Kb7 Ng1 Kc7 Qh1 Kb7 Re2 Kc7 b6+ Kd8 b7 Ke8 Qe4+ Kf7 Rcc2 Kg8 Be6+ Kf8 Qb6 Ke7 Bg4+ Kf7 Be5 Ke8 Rg2 Ke7 Bf5 Ke8 Qa6 Ke7 Qh6 Kd8 Qd3 Ke7 Bh3 Kd8 Qdh7 Ke8 c4 Kd8 Bc3 Ke8 Qh5+ Kd8 Qg4 Ke8 Kb5 Kf8 Qgg7+ Ke8 Qhg6+ Kd8 Q6h6 Ke8 Rge2 Kd8 Rb2 Ke8 Bc8 Kd8 Qa6 Ke8 Ka5 Kd8 Bd7 Kc7 Qa7 Kd8 Bf5 Ke8 Nf1+ Kd8 Red2 Ke8 a3 Kd8 Ra2 Ke8 Ba1 Kd8 Qad4 Ke8 d6 Kd8 Nf3 Ke8 Rd1 Kd8 Ng1 Ke8 h5 Kd8 Ka6 Ke8 Bc2 Kd8 b8=Q#,"[0.05515933036804199, 0.060449838638305664, 0.11320209503173828, 0.1007547378540039, 0.16372036933898926, 0.14218425750732422, 0.19403505325317383, 0.1474921703338623, 0.1777029037475586, 0.14452385902404785, 0.15496134757995605, 0.14899921417236328, 0.203934907913208, 0.17415428161621094, 0.1427290439605713, 0.09668278694152832, 0.18524837493896484, 0.11944580078125, 0.3815906047821045, 0.12201738357543945, 0.23925495147705078, 0.10420680046081543, 0.13668274879455566, 0.104339599609375, 0.13344717025756836, 0.0986783504486084, 0.19716215133666992, 0.09478616714477539, 0.2346634864807129, 0.010189056396484375, 0.20366764068603516, 0.0897371768951416, 0.22487235069274902, 0.06861686706542969, 0.20180201530456543, 0.06704473495483398, 0.29767775535583496, 0.09720039367675781, 0.2582540512084961, 0.006302356719970703, 0.312511682510376, 0.056089162826538086, 0.16592168807983398, 0.03246307373046875, 0.17398762702941895, 0.007598161697387695, 0.20542168617248535, 0.03535342216491699, 0.5595405101776123, 0.048479318618774414, 0.27509307861328125, 0.039475440979003906, 0.1391448974609375, 0.021054506301879883, 0.13667631149291992, 0.039861202239990234, 0.19082903861999512, 0.036765336990356445, 0.31640052795410156, 0.015620946884155273, 0.18011093139648438, 0.020297765731811523, 0.3835282325744629, 0.01820969581604004, 0.2795543670654297, 0.008662223815917969, 0.12393712997436523, 0.016025781631469727, 0.14634442329406738, 0.01028895378112793, 0.14198994636535645, 0.009846210479736328, 0.15639328956604004, 0.02218317985534668, 0.13896417617797852, 0.021524667739868164, 0.12036514282226562, 0.014590978622436523, 0.143906831741333, 0.010728597640991211, 0.13305401802062988, 0.015711545944213867, 0.12801861763000488, 0.00535273551940918, 0.12308382987976074, 0.008741140365600586, 0.0944678783416748, 0.008510112762451172, 0.13507628440856934, 0.009180307388305664, 0.12048983573913574, 0.008819580078125, 0.11837339401245117, 0.01190638542175293, 0.0963292121887207, 0.01112818717956543, 0.09349632263183594, 0.010564088821411133, 0.11170649528503418, 0.004800319671630859, 0.11465907096862793, 0.004427909851074219, 0.10626697540283203, 0.01065516471862793, 0.10158014297485352, 0.017699718475341797, 0.12245321273803711, 0.019336700439453125, 0.11690068244934082, 0.013023138046264648, 0.13598942756652832, 0.023828506469726562, 0.13026213645935059, 0.013430356979370117, 0.13703465461730957, 0.02301955223083496, 0.12894701957702637, 0.01753687858581543, 0.11617827415466309, 0.032833099365234375, 0.1032721996307373, 0.012295246124267578, 0.10157084465026855, 0.013823270797729492, 0.09173941612243652, 0.020570039749145508, 0.05803537368774414, 0.006293058395385742, 0.0751032829284668, 0.021578311920166016, 0.0706171989440918, 0.027051210403442383, 0.07075262069702148, 0.01248478889465332, 0.07478070259094238, 0.02252674102783203, 0.06689572334289551, 0.01496434211730957, 0.07699942588806152, 0.008747577667236328, 0.12778663635253906, 0.02185654640197754, 0.10416841506958008, 0.01931595802307129, 0.10764884948730469, 0.016484975814819336, 0.1054692268371582, 0.016997337341308594, 0.12011027336120605, 0.029584407806396484, 0.13239407539367676, 0.01941823959350586, 0.14335966110229492, 0.019209861755371094, 0.14616918563842773, 0.026197195053100586, 0.11666393280029297, 0.01568913459777832, 0.11828446388244629, 0.005674839019775391, 0.1866903305053711, 0.022955894470214844, 0.13733124732971191, 0.004840850830078125, 0.14892148971557617, 0.019654273986816406, 0.12295722961425781, 0.026264667510986328, 0.13498234748840332, 0.021783113479614258, 0.15239620208740234, 0.02524542808532715, 0.1279911994934082, 0.01769089698791504, 0.15278887748718262, 0.025692462921142578, 0.13550162315368652, 0.017156600952148438, 0.1513991355895996, 0.016150236129760742, 0.15898990631103516, 0.01429128646850586, 0.12271475791931152, 0.018419504165649414, 0.11703801155090332, 0.015306711196899414, 0.2126448154449463, 0.03299093246459961, 0.1906108856201172, 0.03894186019897461, 0.19368934631347656, 0.033438920974731445, 0.2066042423248291, 0.04456329345703125, 0.18655991554260254, 0.02739882469177246, 0.18450927734375, 0.02962660789489746, 0.18460679054260254, 0.022643089294433594, 0.18365073204040527, 0.012971639633178711, 0.10898160934448242, 0.017705440521240234, 0.1041862964630127, 0.014668703079223633, 0.13214349746704102, 0.019048213958740234, 0.12819671630859375, 0.015858173370361328, 0.11752843856811523, 0.013427972793579102, 0.12079906463623047, 0.021802663803100586, 0.13457012176513672, 0.010965347290039062, 0.12753510475158691, 0.014512062072753906, 0.13489723205566406, 0.015165567398071289, 0.12245750427246094, 0.010078907012939453, 0.11728739738464355, 0.009247064590454102, 0.10063648223876953, 0.009976863861083984, 0.10471343994140625, 0.009205341339111328, 0.13461065292358398, 0.013569116592407227, 0.1126241683959961, 0.00994873046875, 0.10981369018554688, 0.00950169563293457, 0.0986480712890625, 0.0148162841796875, 0.12077713012695312, 0.014912843704223633, 0.11535763740539551, 0.014458656311035156, 0.12399673461914062, 0.015020132064819336, 0.12211799621582031, 0.01194453239440918, 0.13831567764282227, 0.009667396545410156, 0.155656099319458, 0.010315418243408203, 0.11431336402893066, 0.010646820068359375, 0.13112354278564453, 0.014119148254394531, 0.11657381057739258, 0.01854085922241211, 0.12374281883239746, 0.022782087326049805, 0.120208740234375, 0.019112348556518555, 0.12627935409545898, 0.02377629280090332, 0.1282210350036621, 0.01927924156188965, 0.1244344711303711, 0.017771244049072266, 0.15630507469177246, 0.016367197036743164, 0.13321876525878906, 0.010593652725219727, 0.13588428497314453, 0.01625227928161621, 0.14123749732971191, 0.012131452560424805, 0.1424107551574707, 0.00580906867980957, 0.1429293155670166, 0.011797428131103516, 0.1336665153503418, 0.006242513656616211, 0.1400437355041504, 0.011808395385742188, 0.13881874084472656, 0.017238855361938477, 0.13149809837341309, 0.016796588897705078, 0.14403080940246582, 0.023639440536499023, 0.1443037986755371, 0.006700277328491211, 0.14835739135742188, 0.012674331665039062, 0.14580273628234863, 0.011185884475708008, 0.12666082382202148, 0.020424604415893555, 0.12032747268676758, 0.01585865020751953, 0.12526869773864746, 0.02074289321899414, 0.11043596267700195, 0.013915061950683594, 0.11016964912414551, 0.027582645416259766, 0.10693120956420898, 0.014414787292480469, 0.10990309715270996, 0.016007184982299805, 0.10876011848449707, 0.018988609313964844, 0.10212087631225586, 0.009994745254516602, 0.10495638847351074, 0.013982295989990234, 0.11536478996276855, 0.019388675689697266, 0.1072537899017334, 0.015671491622924805, 0.13395261764526367, 0.029202699661254883, 0.11367225646972656, 0.017793893814086914, 0.454601526260376, 0.018712759017944336, 0.29090332984924316, 0.0112762451171875, 0.2019639015197754, 0.006104230880737305, 0.20709609985351562, 0.011289358139038086, 0.23209357261657715, 0.011427879333496094, 0.26244163513183594, 0.030356884002685547, 0.6191771030426025, 0.025608539581298828, 0.6787621974945068, 0.03306937217712402, 0.4723997116088867, 0.021524667739868164, 0.3957486152648926, 0.018538475036621094, 0.20041346549987793, 0.01259303092956543, 0.34668564796447754, 0.01860356330871582, 0.2559809684753418, 0.006009817123413086, 0.1624312400817871, 0.005910158157348633, 0.14569377899169922, 0.0061337947845458984, 0.1596071720123291, 0.009531497955322266, 0.053092241287231445, 0.00559234619140625, 0.21544241905212402, 0.012394905090332031, 0.141798734664917, 0.007604837417602539, 0.1397407054901123, 0.0051152706146240234, 0.05574631690979004, 0.0062825679779052734, 0.16688871383666992, 0.006203413009643555, 0.15327239036560059, 0.007222175598144531, 0.15857863426208496, 0.005919694900512695, 0.16586518287658691, 0.007046937942504883, 0.18640351295471191, 0.00606846809387207, 0.15622234344482422, 0.0074291229248046875, 0.31003832817077637, 0.013779640197753906, 0.1530003547668457, 0.007967233657836914, 0.1852736473083496, 0.00529026985168457, 0.05328536033630371, 0.006877899169921875, 0.2014775276184082, 0.006364583969116211, 0.17578530311584473, 0.006468296051025391, 0.17292451858520508, 0.006140708923339844, 0.15717172622680664, 0.006686687469482422, 0.163956880569458, 0.005921840667724609, 0.11168026924133301, 0.007318735122680664, 0.16362285614013672, 0.00636601448059082, 0.14371871948242188, 0.007141590118408203, 0.16402864456176758, 0.005864620208740234, 0.11807775497436523, 0.006304264068603516, 0.16013383865356445, 0.005568981170654297, 0.11265039443969727]",1.014814815
13,0.232249225,g3 a6 Bg2 b6 Bxa8 d6 Bd5 Qd7 e3 g6 Bb3 h5 a3 Bg7 c4 Rh7 h4 b5 cxb5 Bb7 Rh3 Kd8 Bxf7 Bc3 Bxg8 Qg4 Bxh7 Qe2+ Nxe2 Be5 d4 Bh8 Bxg6 Nd7 bxa6 Nb8 a7 Nc6 Qa4 Bg7 Bxh5 Kc8 Bg4+ e6 Bxe6+ Kd8 e4 d5 Bg5+ Ke8 Bf7+ Kd7 Be6+ Ke8 Bd7+ Kf8 Bxc6 Kg8 Bxb7 Bh6 a8=Q+ Bf8 exd5 Kh8 Qd8 Kg7 Qad7+ Kg8 Q7xc7 Kh8 Qe5+ Kh7 Qxf8 Kg6 Qeh8,"[0.05507254600524902, 0.052722930908203125, 0.06290483474731445, 0.08098077774047852, 0.13446712493896484, 0.06788444519042969, 0.0932469367980957, 0.0853736400604248, 0.12422657012939453, 0.10497140884399414, 0.1620185375213623, 0.09833073616027832, 0.13299775123596191, 0.10094070434570312, 0.17822504043579102, 0.10696792602539062, 0.2909584045410156, 0.10376167297363281, 0.33186769485473633, 0.1454942226409912, 0.24586844444274902, 0.16142654418945312, 0.2643294334411621, 0.21509766578674316, 0.2732367515563965, 0.3264327049255371, 0.7204639911651611, 0.30141758918762207, 0.058294057846069336, 0.16279149055480957, 0.25795555114746094, 0.09350752830505371, 0.1506805419921875, 0.07302045822143555, 0.29260730743408203, 0.08278799057006836, 0.40613818168640137, 0.08107280731201172, 0.4073677062988281, 0.06765317916870117, 0.7194094657897949, 0.07784724235534668, 0.5686149597167969, 0.0067484378814697266, 0.5421421527862549, 0.003778696060180664, 0.7938358783721924, 0.08763241767883301, 0.798478364944458, 0.01288914680480957, 0.6983537673950195, 0.012519359588623047, 0.7468366622924805, 0.011640787124633789, 0.708815336227417, 0.013097524642944336, 0.8513448238372803, 0.0425262451171875, 0.7801730632781982, 0.0479738712310791, 0.6308412551879883, 0.018144845962524414, 0.2794368267059326, 0.03803133964538574, 0.18281912803649902, 0.03142237663269043, 0.45592164993286133, 0.026673078536987305, 0.20695066452026367, 0.0076944828033447266, 0.1968698501586914, 0.014214277267456055, 0.5203335285186768, 0.004698514938354492, 0.12441802024841309]",2.066666667
14,0.251372794,e4 a5 Qg4 e6 Nh3 Ra6 Bxa6 b6 Be2 Ba6 c4 h6 a3 Qc8 Rg1 b5 cxb5 g5 bxa6 Kd8 a7 Nc6 Nxg5 Bb4 Nxf7+ Ke8 axb4 Nf6 Nd6+ Ke7 Nxc8+ Kd8 Qg7 Ne7 Qxh8+ Neg8 a8=Q d5 Na7+ Ke7 bxa5 d4 Qg7+ Kd6 Nb5+ Kc5 Qxc7+ Kb4 Nxd4 Ng4 Bxg4 e5 Qxe5 Kc4 f4 h5 Qxg8+ Kd3 Bxh5,"[0.05655813217163086, 0.06845331192016602, 0.10342526435852051, 0.09404826164245605, 0.19355154037475586, 0.17137885093688965, 0.44730091094970703, 0.16604137420654297, 0.24906587600708008, 0.1651744842529297, 0.5039148330688477, 0.17745089530944824, 0.21391868591308594, 0.15833139419555664, 0.20837974548339844, 0.13312721252441406, 0.21340703964233398, 0.11899137496948242, 0.5736596584320068, 0.09300041198730469, 0.19950461387634277, 0.11918258666992188, 0.6304829120635986, 0.12356090545654297, 1.0034074783325195, 0.011034011840820312, 0.5445492267608643, 0.12845444679260254, 0.6186890602111816, 0.019669294357299805, 0.8068408966064453, 0.022227048873901367, 0.9018292427062988, 0.1156623363494873, 1.1671059131622314, 0.019199609756469727, 1.193047046661377, 0.06874585151672363, 0.2203819751739502, 0.00932002067565918, 0.2187950611114502, 0.06967926025390625, 0.18936920166015625, 0.0044977664947509766, 0.2520127296447754, 0.010563135147094727, 0.27575111389160156, 0.005158185958862305, 0.3103647232055664, 0.05027413368225098, 0.34652066230773926, 0.018482685089111328, 0.2945241928100586, 0.018128395080566406, 0.1973109245300293, 0.02445673942565918, 0.3099086284637451, 0.012734174728393555, 0.19038939476013184]",1.610169492
15,0.08497870414,h3 f5 h4 h5 e3 Kf7 Rh3 Qe8 Qe2 c5 a4 f4 exf4 e5 fxe5 Be7 Qb5 Bd8 Bc4+ d5 Bxd5+ Ke7 Qxc5+ Kd7 e6+ Qxe6+ Bxe6+ Kxe6 Qxc8+ Kf7 Qxb7+ Ke6 Qxa8 g5 Qxb8 g4 Qc8+ Kf6 Qxd8+ Kg6 Rh2 Nh6 Qxh8 Kf7 Qxh6 Ke8 Qxh5+ Kd7 g3 Ke6 c3 Kd7 Qh7+ Kd6 Qg6+ Kd5 Rg2 a6 d3 Kc5 Ra3 a5 Qg8 Kb6 Qg7 Kc5 Qxg4 Kb6 Qf5 Ka7 Rb3 Ka8 Bh6 Ka7 Kd1 Ka8 Kd2 Ka7 Kc1 Ka8 Rh2 Ka7 d4 Ka8 Bf8 Ka7 Kc2 Ka8 Kd1 Ka7 Qb5 Ka8 Kd2 Ka7 Be7 Ka8 g4 Ka7 Rh1 Ka8 Qh5 Ka7 Rb5 Ka6 Qh7 Ka7 b3 Ka8 Ke1 Ka7 c4 Ka8 f4 Ka7 Bf6+ Ka8 Qh5 Ka7 Rh2 Ka8 Kd1 Ka7 Bh8 Ka6 Kc2 Ka7 Kd1 Ka6 Ne2 Ka7 Rxa5+ Kb8 Ke1 Kc7 Na3 Kb8 Rf5 Kb7 Rd5 Kb8 Rf5 Kc8 Bf6 Kc7 Nc3 Kc6 Qe8+ Kc7 Qe3 Kd6 Rc2 Kc7 Qf2 Kc8 Qg2 Kc7 Qg1 Kc6 Kd2 Kd6 Qh2 Kc7 h5 Kc6 h6 Kc7 h7 Kd7 Ke2 Kc8 g5 Kd7 Na2 Kc7 b4 Kc8 Qg2 Kc7 Nb1 Kd6 Na3 Ke6 Rc5 Kd7 Nb1 Ke6 Rd2 Kd7 Rf5 Ke8 Kd1 Kf8 Qh1 Kf7 Re5 Kf8 Rf5 Kf7 Qf1 Kg6 Qh3 Kf7 Kc1 Kf8 c5 Kf7 Nbc3 Ke6 h8=Q Kf7 Bd8+ Ke6 Kb2 Kd7 Qg2 Ke6 Qf6+ Kd7 Re2 Kc8 Ne4 Kb7 Qh6 Ka7 Qf3 Kb8 Nd2 Kc8 Rd5 Kb7 Qf1 Ka7 Ne4 Kb7 Qf2 Ka7 Qc6 Kb8 Qc7+ Ka8 Qg3,"[0.055411577224731445, 0.05170130729675293, 0.05544924736022949, 0.06020951271057129, 0.06949305534362793, 0.06987524032592773, 0.29819202423095703, 0.08733534812927246, 0.30979275703430176, 0.07782697677612305, 0.19895124435424805, 0.07552337646484375, 0.2215406894683838, 0.07874655723571777, 0.39076709747314453, 0.10216784477233887, 0.36130666732788086, 0.1371304988861084, 0.23961138725280762, 0.024410724639892578, 0.3428640365600586, 0.03694629669189453, 0.48787856101989746, 0.007719993591308594, 0.35127687454223633, 0.0021848678588867188, 0.06941676139831543, 0.010080814361572266, 0.3258247375488281, 0.027810335159301758, 0.18712282180786133, 0.04250788688659668, 0.2583918571472168, 0.10194206237792969, 0.166032075881958, 0.07382631301879883, 0.21859407424926758, 0.023527860641479492, 0.16402125358581543, 0.02588820457458496, 0.16658616065979004, 0.03978252410888672, 0.12615704536437988, 0.02343606948852539, 0.13782811164855957, 0.017720460891723633, 0.10775327682495117, 0.010376691818237305, 0.15389013290405273, 0.02625441551208496, 0.17235231399536133, 0.0243988037109375, 0.2054452896118164, 0.028426408767700195, 0.17295408248901367, 0.028553247451782227, 0.1608121395111084, 0.025027990341186523, 0.15205073356628418, 0.015485525131225586, 0.1440889835357666, 0.014742612838745117, 0.11073541641235352, 0.01689004898071289, 0.24001359939575195, 0.017884016036987305, 0.18415331840515137, 0.020068645477294922, 0.07238221168518066, 0.01577901840209961, 0.11884188652038574, 0.00886845588684082, 0.0611872673034668, 0.0036873817443847656, 0.09036040306091309, 0.007147312164306641, 0.06812357902526855, 0.003604888916015625, 0.08828854560852051, 0.00844573974609375, 0.05911087989807129, 0.0038869380950927734, 0.08879280090332031, 0.007279396057128906, 0.08077788352966309, 0.004041433334350586, 0.10465550422668457, 0.007513999938964844, 0.07502126693725586, 0.003924846649169922, 0.10570836067199707, 0.0035457611083984375, 0.06243419647216797, 0.003932476043701172, 0.07341289520263672, 0.0035583972930908203, 0.06415200233459473, 0.003632068634033203, 0.07506966590881348, 0.0037136077880859375, 0.06246781349182129, 0.0034639835357666016, 0.08562302589416504, 0.0074427127838134766, 0.08421564102172852, 0.004311561584472656, 0.14873528480529785, 0.010493755340576172, 0.08357715606689453, 0.003858804702758789, 0.11870861053466797, 0.006925821304321289, 0.07380938529968262, 0.003835916519165039, 0.12594842910766602, 0.006813764572143555, 0.0308382511138916, 0.0035424232482910156, 0.09769248962402344, 0.00745701789855957, 0.08428239822387695, 0.004033088684082031, 0.12687039375305176, 0.007097721099853516, 0.07475519180297852, 0.003469705581665039, 0.10391473770141602, 0.007186412811279297, 0.08482813835144043, 0.0041179656982421875, 0.09147953987121582, 0.009172439575195312, 0.05994701385498047, 0.009470462799072266, 0.0755164623260498, 0.026179790496826172, 0.06406545639038086, 0.014194726943969727, 0.06271743774414062, 0.022521257400512695, 0.059159040451049805, 0.013825654983520508, 0.056069374084472656, 0.012308120727539062, 0.06151580810546875, 0.026401281356811523, 0.07669854164123535, 0.01986408233642578, 0.1180882453918457, 0.030284881591796875, 0.11082959175109863, 0.012972593307495117, 0.10744118690490723, 0.025780200958251953, 0.07260537147521973, 0.013348579406738281, 0.09703731536865234, 0.025381803512573242, 0.07949137687683105, 0.018389463424682617, 0.08097553253173828, 0.013808965682983398, 0.07310271263122559, 0.02356266975402832, 0.07077836990356445, 0.017589569091796875, 0.09247183799743652, 0.027240753173828125, 0.3644711971282959, 0.025277137756347656, 0.2502608299255371, 0.01476430892944336, 0.31440258026123047, 0.02447199821472168, 0.33928871154785156, 0.02461409568786621, 0.18158936500549316, 0.011511087417602539, 0.28043699264526367, 0.018886804580688477, 0.1856842041015625, 0.011898040771484375, 0.22086882591247559, 0.011816263198852539, 0.1879866123199463, 0.015674352645874023, 0.21147918701171875, 0.012014389038085938, 0.18552637100219727, 0.019540071487426758, 0.1553666591644287, 0.011213302612304688, 0.11866259574890137, 0.007953882217407227, 0.2052631378173828, 0.009078502655029297, 0.09778094291687012, 0.008177518844604492, 0.21671152114868164, 0.01453709602355957, 0.0905156135559082, 0.00406336784362793, 0.21338248252868652, 0.015050411224365234, 0.1253495216369629, 0.007145404815673828, 0.1806166172027588, 0.016052961349487305, 0.12514066696166992, 0.011763572692871094, 0.09599781036376953, 0.008966207504272461, 0.10016059875488281, 0.005503177642822266, 0.11660361289978027, 0.01047658920288086, 0.17534446716308594, 0.00499415397644043, 0.10878467559814453, 0.005125284194946289, 0.14820265769958496, 0.021728992462158203, 0.16518831253051758, 0.03069901466369629, 0.17830443382263184, 0.021971464157104492, 0.20770740509033203, 0.015908241271972656, 0.25775718688964844, 0.02028036117553711, 0.2784543037414551, 0.036083221435546875, 0.24640727043151855, 0.02571558952331543, 0.23386812210083008, 0.019156694412231445, 0.10498714447021484, 0.006161212921142578, 0.09775328636169434, 0.0030231475830078125, 0.02560877799987793]",0.9751037344
16,0.1150812458,b3 c5 Bb2 g5 Bxh8 Qb6 Bb2 Qe6 Ba3 Qxe2+ Nxe2 Na6 g3 Rb8 Qc1 b6 h3 Kd8 Qb2 h6 Qh8 e5 Qxg8 f5 Qxf8+ Kc7 c3 Kb7 Rg1 h5 f3 e4 fxe4 Kc6 exf5 Nc7 Qd8 Kb7 f6 Ne6 Bg2+ d5 Qxd5+ Ka6 Qc4+ b5 Qd5 b4 Qd6+ Rb6 Bb7+ Kxb7 Qe7+ Bd7 Qxd7+ Nc7 f7 h4 cxb4 Re6 f8=Q Re8 Qfxe8 a5 Qec8+ Ka7 Qcxc7+ Ka6 Qe6+ Kb5 bxc5 g4 Qe8+ Ka6 Qg6+ Kb5 gxh4 a4 Qb7+ Ka5 Qa8+ Kb5 bxa4+ Kc4 Rxg4#,"[0.05403470993041992, 0.05534052848815918, 0.06553506851196289, 0.10308337211608887, 0.14563679695129395, 0.07096076011657715, 0.1681375503540039, 0.11878776550292969, 0.19997525215148926, 0.16076231002807617, 0.01047062873840332, 0.07766103744506836, 0.10467100143432617, 0.07404112815856934, 0.09575152397155762, 0.07113146781921387, 0.10458850860595703, 0.07641410827636719, 0.10428500175476074, 0.08867526054382324, 0.15298938751220703, 0.08051538467407227, 0.11094498634338379, 0.061678409576416016, 0.13462114334106445, 0.004047393798828125, 0.21032929420471191, 0.04700207710266113, 0.16168689727783203, 0.04395651817321777, 0.15506625175476074, 0.04577183723449707, 0.1762995719909668, 0.04553866386413574, 0.20329046249389648, 0.04412198066711426, 0.19502902030944824, 0.07049345970153809, 0.15016841888427734, 0.052320241928100586, 0.10915970802307129, 0.008394479751586914, 0.17634844779968262, 0.006453752517700195, 0.23394489288330078, 0.007115840911865234, 0.22917485237121582, 0.0616910457611084, 0.28000783920288086, 0.012341499328613281, 0.2411046028137207, 0.016307353973388672, 0.19729185104370117, 0.020277023315429688, 0.19957470893859863, 0.012650728225708008, 0.2461535930633545, 0.0690152645111084, 0.6166348457336426, 0.06521940231323242, 0.49503493309020996, 0.11010527610778809, 0.18064641952514648, 0.040668487548828125, 0.32826852798461914, 0.009488582611083984, 0.2419748306274414, 0.009670019149780273, 0.1376345157623291, 0.006457090377807617, 0.1419048309326172, 0.016551733016967773, 0.12662529945373535, 0.005179882049560547, 0.15923070907592773, 0.005591869354248047, 0.1343059539794922, 0.017600297927856445, 0.1947803497314453, 0.005823612213134766, 0.1643085479736328, 0.006060123443603516, 0.16495537757873535, 0.005251407623291016, 0.16911029815673828]",0.9176470588
17,0.167056952,h3 Nc6 f4 d5 c3 Bd7 Qa4 g5 fxg5 a6 g3 e6 Qh4 Qe7 d3 h5 Bd2 Rh7 a3 Qc5 b3 Qc4 dxc4 Ra7 Be3 e5 cxd5 Be6 Bxa7 Bb4 dxc6 e4 cxb4 Kf8 cxb7 Ke7 b8=Q Bc4 Qxg8 Kd7 bxc4 Rh6 gxh6 Kc6 h7 Kd6 Qxf7 c6 Qhxh5 e3 Bxe3 a5 Qxa5 c5 Bxc5+ Ke5 Qaa7 Ke4 Qf3+ Ke5 Qaa8 Ke6 Qb3 Kf7 Qe4 Kf6 Qa8 Kf7 Nf3 Kg6 h8=Q Kf5 Qaf8+ Ke6 Qe3+ Kd7 Kd1 Kc7 Qee7+ Kc6 Qhg7,"[0.09261488914489746, 0.08538937568664551, 0.08991241455078125, 0.09091877937316895, 0.12983465194702148, 0.13974690437316895, 0.1511533260345459, 0.2362957000732422, 0.4087033271789551, 0.25751733779907227, 0.20514988899230957, 0.16216349601745605, 0.19711613655090332, 0.18780851364135742, 0.1892397403717041, 0.1833961009979248, 0.1603553295135498, 0.18976521492004395, 0.18880128860473633, 0.1955122947692871, 0.23397183418273926, 0.2845940589904785, 0.4061317443847656, 0.19208908081054688, 0.14911341667175293, 0.1568772792816162, 0.27237486839294434, 0.17125964164733887, 0.493633508682251, 0.13491368293762207, 0.4840230941772461, 0.1139984130859375, 0.4561448097229004, 0.06499218940734863, 0.18828058242797852, 0.06811809539794922, 0.5229344367980957, 0.07400751113891602, 0.1966714859008789, 0.06479644775390625, 0.2960958480834961, 0.05403566360473633, 0.35427117347717285, 0.03492593765258789, 0.17304539680480957, 0.02787637710571289, 0.4606659412384033, 0.026816844940185547, 0.23355317115783691, 0.014919042587280273, 0.15629315376281738, 0.01033329963684082, 0.2672309875488281, 0.004860639572143555, 0.2189798355102539, 0.00880742073059082, 0.12842106819152832, 0.004063844680786133, 0.06912088394165039, 0.004119873046875, 0.11733865737915039, 0.004679203033447266, 0.1945326328277588, 0.02200484275817871, 0.2606809139251709, 0.007907629013061523, 0.2602415084838867, 0.05158233642578125, 0.43450474739074707, 0.03160357475280762, 0.23036432266235352, 0.016196012496948242, 0.258411169052124, 0.023554563522338867, 0.20789766311645508, 0.011114358901977539, 0.2621445655822754, 0.017970561981201172, 0.2586801052093506, 0.004587411880493164, 0.03685903549194336]",1.641975309
18,0.09452008915,d3 Nf6 Bg5 Rg8 e4 Nc6 Qe2 h6 Bd2 Nh7 a4 a6 g3 Na7 Bc1 Rh8 a5 c5 Be3 h5 Qxh5 d6 Qh4 f6 Kd2 Kd7 Ke1 b5 Bf4 g6 Nc3 e5 Bc1 g5 Qh3+ g4 Qh5 Bh6 Qxh6 Nc6 Qg7+ Ne7 h4 Ng5 Bxg5 Kc6 Bxf6 Qd7 Qxh8 Qb7 Nd1 Qb8 Bxe7 Qa7 Qd8 Qc7 Qf8 c4 Bxd6 Bb7 Qxa8 Qe7 Qb8 b4 Bxe7 Kb5 dxc4+ Kc6 Bxb4 Bc8 Qa8+ Kc7 h5 Kd7 Ra4 Ke8 Qxc8+ Kf7 Ne2 Kf6 Ra3 Kf7 Ng1 Kf6 Qxg4 Kf7 Bd6 Kf6 Ra2 Kf7 Qf3+ Kg8 Qd3 Kg7 Qe3 Kg8 Qh6 Kf7 Bxe5 Ke7 Ra3 Kd7 Rh3 Ke7 f4 Kd7 b3 Ke7 Rh1 Kd8 Be2 Ke7 Bc7 Ke8 Be5 Kd7 Nf3 Ke7 Qg6 Kd8 Qc6 Ke7 Bb8 Kf7 Nf2 Kf8 Ne5 Ke7 Nh3 Kf8 Qc8+ Ke7 c3 Kf6 g4 Ke7 Nd7 Kf7 Be5 Ke6 Ng1 Kf7 Kd2 Ke6 Qc6+ Ke7 Bf1 Kd8 Bg7 Ke7 Qc8 Kd6 Ne5 Ke7 Ng6+ Kf7 Bh6 Kf6 Bd3 Kf7 Rh2 Kf6 b4 Kf7 f5 Kf6 e5+ Kf7 Be3 Kg7 e6 Kf6 e7 Kg7 Qxa6 Kg8 Bg5 Kh7 Rb3 Kg8 Qe6+ Kh7 Nh3 Kg7 b5 Kh7 Kd1 Kg7 Ngf4 Kh7 Ra3 Kh8 Bh4 Kg7 g5 Kh8 Bg3 Kg7 Be2 Kh7 Ke1 Kg7 Ra4 Kh7 c5 Kg7 Nf2 Kh8 Ra1 Kh7 Rc1 Kh8 Qb3 Kg7 Bc4 Kh8 Bh4 Kg7 N4h3 Kh7 Rh1 Kg7 Qb4 Kh8 Rb1 Kh7 Ra1 Kg7 Ba2 Kh8 Rd1 Kh7 a6 Kh8 g6 Kg7 Rd7 Kh8 Bf7 Kg7 Bb3 Kh8 Rd4 Kg7 Qa5 Kh8 Qb6 Kg7 Qb7 Kh8 Rc4 Kg8 Ra4+ Kg7 Bd5 Kh8 Be6 Kg7 Rf1 Kh8 Ng1 Kg7 Qe4 Kh8 Ne2 Kg7 Bc4 Kh8 Rg1 Kg7 Rf1 Kh8 Ra3 Kg7 Rb3 Kh8 Bf7 Kg7 Be6 Kh8 Nc1 Kg7 Qa4 Kh8 c4 Kg7 Ng4 Kh8 Rh3 Kg7 Rb3 Kh8 Rg1 Kg7 Rb4 Kh8 Bf2 Kg7 Ne5 Kh8 Nb3 Kg7 Nc1 Kh8 Kd1 Kg7 Rb1 Kh8 Rg5 Kg7 Bc8 Kg8 Nc6 Kg7 Bg3 Kg8 Nd4 Kh8 Rb4 Kg8 Nc6 Kg7 Nd8 Kg8 Ne2 Kg7 Qa1+ Kh6 Qc1 Kg7 Be5+ Kg8 e8=Q#,"[0.055315494537353516, 0.0630486011505127, 0.10170221328735352, 0.0802149772644043, 0.15262937545776367, 0.08267021179199219, 0.26678919792175293, 0.08883261680603027, 0.2250833511352539, 0.09117794036865234, 0.2155437469482422, 0.07901334762573242, 0.23555636405944824, 0.08776021003723145, 0.219618558883667, 0.07309436798095703, 0.33359360694885254, 0.0687563419342041, 0.3349192142486572, 0.09891939163208008, 0.18867826461791992, 0.0918266773223877, 0.26019835472106934, 0.11582612991333008, 0.2063734531402588, 0.13080167770385742, 0.17252564430236816, 0.10983419418334961, 0.19370579719543457, 0.10258340835571289, 0.17786169052124023, 0.1205594539642334, 0.25462913513183594, 0.11175346374511719, 0.2313382625579834, 0.023163795471191406, 0.21497273445129395, 0.07979083061218262, 0.3362617492675781, 0.10337495803833008, 0.3449690341949463, 0.020659446716308594, 0.2660362720489502, 0.12733983993530273, 0.34674644470214844, 0.1459214687347412, 0.40599822998046875, 0.1625678539276123, 0.32283663749694824, 0.09783148765563965, 0.3402702808380127, 0.07972192764282227, 0.2984042167663574, 0.06222677230834961, 0.2940821647644043, 0.0584721565246582, 0.20490694046020508, 0.0818777084350586, 0.5600802898406982, 0.1609184741973877, 0.3484375476837158, 0.11524581909179688, 0.57533860206604, 0.11006999015808105, 0.33848142623901367, 0.02610301971435547, 0.19447612762451172, 0.004520893096923828, 0.12957477569580078, 0.010669946670532227, 0.12636852264404297, 0.008794069290161133, 0.1128537654876709, 0.022684335708618164, 0.09342837333679199, 0.015007495880126953, 0.07280111312866211, 0.003854036331176758, 0.10422754287719727, 0.007184505462646484, 0.12327790260314941, 0.01293492317199707, 0.12119150161743164, 0.009322404861450195, 0.13454675674438477, 0.004969596862792969, 0.08769893646240234, 0.007817268371582031, 0.09479212760925293, 0.003931760787963867, 0.08563017845153809, 0.013794660568237305, 0.08325529098510742, 0.012280464172363281, 0.09714198112487793, 0.017212629318237305, 0.09970450401306152, 0.0032672882080078125, 0.09825277328491211, 0.012213468551635742, 0.1217505931854248, 0.01535344123840332, 0.14626598358154297, 0.016037702560424805, 0.13059186935424805, 0.014425039291381836, 0.14026999473571777, 0.013707637786865234, 0.11356234550476074, 0.01367807388305664, 0.1184701919555664, 0.014799833297729492, 0.11888885498046875, 0.009440898895263672, 0.0892186164855957, 0.013646364212036133, 0.12038636207580566, 0.01573348045349121, 0.1296687126159668, 0.015186786651611328, 0.15526747703552246, 0.004163980484008789, 0.14735698699951172, 0.01254582405090332, 0.16134929656982422, 0.015386104583740234, 0.16415953636169434, 0.013497591018676758, 0.12303471565246582, 0.008713722229003906, 0.12981414794921875, 0.009845733642578125, 0.08595490455627441, 0.0036559104919433594, 0.0977778434753418, 0.011412382125854492, 0.07116222381591797, 0.00799870491027832, 0.08690738677978516, 0.007966756820678711, 0.10139870643615723, 0.009974241256713867, 0.08287572860717773, 0.008213520050048828, 0.09648585319519043, 0.008977413177490234, 0.13262224197387695, 0.01235055923461914, 0.11955499649047852, 0.008726358413696289, 0.15892839431762695, 0.013543128967285156, 0.10919618606567383, 0.005181550979614258, 0.08732032775878906, 0.00860738754272461, 0.09053635597229004, 0.0045566558837890625, 0.07575654983520508, 0.00544285774230957, 0.07769227027893066, 0.004136085510253906, 0.0788576602935791, 0.0049285888671875, 0.08590340614318848, 0.0041658878326416016, 0.08851170539855957, 0.0039844512939453125, 0.03721284866333008, 0.0055389404296875, 0.12810492515563965, 0.009351730346679688, 0.10306358337402344, 0.011243343353271484, 0.30899953842163086, 0.01606464385986328, 0.23911166191101074, 0.013823509216308594, 0.15279698371887207, 0.008548736572265625, 0.20903396606445312, 0.010859012603759766, 0.11074542999267578, 0.005015134811401367, 0.1541433334350586, 0.005027294158935547, 0.1175527572631836, 0.005328178405761719, 0.16005873680114746, 0.008895158767700195, 0.16771960258483887, 0.010620355606079102, 0.17394495010375977, 0.010980367660522461, 0.2447218894958496, 0.010023117065429688, 0.19649720191955566, 0.009630441665649414, 0.2068800926208496, 0.007882356643676758, 0.13538789749145508, 0.008275747299194336, 0.15250420570373535, 0.008901357650756836, 0.13375425338745117, 0.008825302124023438, 0.28453540802001953, 0.018236875534057617, 0.31398797035217285, 0.01367044448852539, 0.29881978034973145, 0.017667531967163086, 0.32793331146240234, 0.01293325424194336, 0.3369450569152832, 0.01420140266418457, 0.2628359794616699, 0.00883626937866211, 0.14820480346679688, 0.0073282718658447266, 0.12033796310424805, 0.011658668518066406, 0.10835051536560059, 0.007036447525024414, 0.10477375984191895, 0.00658416748046875, 0.10165572166442871, 0.0070552825927734375, 0.12180352210998535, 0.0075380802154541016, 0.11327266693115234, 0.0081329345703125, 0.14030742645263672, 0.008800745010375977, 0.14586257934570312, 0.004327058792114258, 0.17287969589233398, 0.009568452835083008, 0.0882723331451416, 0.004743099212646484, 0.16332125663757324, 0.009117364883422852, 0.0877079963684082, 0.00405430793762207, 0.15428614616394043, 0.009897232055664062, 0.10964393615722656, 0.004517316818237305, 0.19275903701782227, 0.010842561721801758, 0.11996626853942871, 0.01400613784790039, 0.12756943702697754, 0.009982109069824219, 0.18958497047424316, 0.009858131408691406, 0.09724259376525879, 0.00470423698425293, 0.18722176551818848, 0.009537935256958008, 0.09963178634643555, 0.0061604976654052734, 0.1810169219970703, 0.011245012283325195, 0.10584139823913574, 0.004864215850830078, 0.18764877319335938, 0.009387016296386719, 0.0886533260345459, 0.0051953792572021484, 0.18894362449645996, 0.009477853775024414, 0.08727407455444336, 0.00477290153503418, 0.1700882911682129, 0.009169816970825195, 0.08336496353149414, 0.0049054622650146484, 0.17331600189208984, 0.012593746185302734, 0.09199643135070801, 0.004705905914306641, 0.1619422435760498, 0.008139848709106445, 0.07269048690795898, 0.00409388542175293, 0.1264209747314453, 0.0047457218170166016, 0.08277225494384766, 0.00437617301940918, 0.1044011116027832, 0.0045931339263916016, 0.0847921371459961, 0.0043485164642333984, 0.0918879508972168, 0.00593876838684082, 0.07236719131469727, 0.00390625, 0.09116339683532715, 0.012479543685913086, 0.07726502418518066, 0.003780364990234375, 0.14734768867492676, 0.01299285888671875, 0.07709336280822754, 0.00431513786315918, 0.19243264198303223, 0.013500690460205078, 0.09209299087524414, 0.004853487014770508, 0.19903802871704102, 0.01611018180847168, 0.1389918327331543, 0.008198976516723633, 0.23665761947631836, 0.016834735870361328, 0.12823224067687988, 0.00813913345336914, 0.12291598320007324, 0.008121490478515625, 0.1187124252319336, 0.008168220520019531, 0.20867347717285156, 0.015278816223144531, 0.10146093368530273, 0.011486053466796875, 0.21028614044189453, 0.008696794509887695, 0.09109807014465332, 0.004380226135253906, 0.20650267601013184, 0.007514476776123047, 0.027709245681762695]",2.435435435
19,0.1578082605,d4 e6 g3 Ba3 bxa3 Qe7 Bg2 d5 h3 Kd8 h4 c5 Bg5 Qf6 Bxf6+ Kc7 Bxg7 f5 dxc5 Ne7 Bxh8 Kc6 Qd4 h6 Qg7 h5 Qxe7 Nd7 Qd6+ Kb5 Qxe6 Nb6 Nc3+ Ka5 Qe8 Nd7 Nxd5 f4 Nc7 b5 Nxa8 Ka4 Qxc8 Nb6 cxb6 b4 b7 b3 axb3+ Kb5 b8=Q+ Ka5 Qxa7+ Kb5 Qad7+ Ka5 Qd2+ Kb5 Qb7+ Kc5 Qe7+ Kb5 Qdb4+ Ka6 Qbd6+ Ka5 Qdc7+ Kb5 a4+ Ka6 Qc6+ Ka5 Qc3+ Ka6 Qd3+ Ka5 gxf4,"[0.057030439376831055, 0.06822323799133301, 0.1157371997833252, 0.11146879196166992, 0.3125276565551758, 0.08557724952697754, 0.1487264633178711, 0.15236759185791016, 0.2057962417602539, 0.16429781913757324, 0.1835935115814209, 0.16271162033081055, 0.28764772415161133, 0.16908526420593262, 0.2628147602081299, 0.04152655601501465, 0.2680225372314453, 0.16264843940734863, 0.23640847206115723, 0.14777779579162598, 0.28778982162475586, 0.0836787223815918, 0.19333291053771973, 0.060831308364868164, 0.25873708724975586, 0.06074953079223633, 0.24572253227233887, 0.03778815269470215, 0.32361388206481934, 0.0042188167572021484, 0.33334994316101074, 0.07238912582397461, 0.2717733383178711, 0.017940044403076172, 0.2549262046813965, 0.04580521583557129, 0.3135838508605957, 0.06486678123474121, 0.3978085517883301, 0.06304049491882324, 0.45747804641723633, 0.060140371322631836, 0.361875057220459, 0.047684431076049805, 0.1537799835205078, 0.03739023208618164, 0.3981602191925049, 0.03928112983703613, 0.6787421703338623, 0.009261846542358398, 0.42490053176879883, 0.0059969425201416016, 0.15343880653381348, 0.007277488708496094, 0.13618969917297363, 0.006600141525268555, 0.2007453441619873, 0.006840944290161133, 0.1748049259185791, 0.008654356002807617, 0.14969253540039062, 0.005878448486328125, 0.28546977043151855, 0.006761312484741211, 0.17941498756408691, 0.013230323791503906, 0.2990453243255615, 0.012390375137329102, 0.2806835174560547, 0.00922703742980957, 0.16468238830566406, 0.007328987121582031, 0.19704580307006836, 0.0072116851806640625, 0.20638728141784668, 0.007052421569824219, 0.2145555019378662]",0.8181818182
20,0.09279177039,Na3 Na6 Nb5 d6 h3 Nc5 e3 Qd7 Qh5 Na6 Bd3 Rb8 Nxa7 h6 Qd5 Qd8 Bb5+ Qd7 Bxd7+ Bxd7 Qa5 g6 h4 Rh7 d3 f5 Nh3 Bc8 Qb5+ c6 Qa5 Kd7 Kf1 Rg7 Rh2 Nc5 Nxc8 d5 Nb6+ Ke8 Qxc5 d4 Qe5 e6 Qxb8+ Ke7 Qxb7+ Kd6 Nc4+ Kd5 Nf4+ Kc5 Nxe6+ Kd5 Nf4+ Kc5 Ne6+ Kd5 Nxg7 dxe3 Qf7+ Kc5 Qxf8+ Kb5 Nxe3 Nf6 Qxf6 Kb4 Qxg6 c5 Qxh6 c4 Nxc4 f4 h5 Ka4 Na3 Kb4 f3 Ka5 Rb1 Ka4 Rh4 Kb4 Qxf4+ Ka5 Be3 Ka6 Ke2 Ka5 Kd1 Ka6 Qd6+ Kb7 Rg4 Ka8 Bg5 Kb7 Be7 Ka7 Ke1 Kb7 c4 Ka7 Re4 Kb7 c5 Ka7 Qd4 Kb7 Bh4 Kc7 Qc3 Kd7 Ra4 Kc7 Ne6+ Kb8 Rd4 Ka8 Qa5+ Kb8 g4 Kc8 Kf2 Kb8 Rf1 Kc8 Re4 Kd7 Nf8+ Kc6 Rh1 Kb7 Nc2 Kb8 Bg3+ Kc8 Ke1 Kb7 b3 Kc8 Qb4 Kd8 Rf4 Kc7 Na3 Kd8 Rf1 Ke7 Qc4 Ke8 Qc2 Ke7 Bh4+ Ke8 Nh7 Kd7 Qb2 Kc6 Qf2 Kc7 Bg3 Kb8 Ng5 Kb7 h6 Kc6 h7 Kd7 Nc2 Ke7 Rd4 Kf6 Bh4 Kg7 Rd8 Kg6 d4 Kf6 b4 Kg7 Na3 Kf6 Rh1 Kg7 b5 Kh6 f4 Kg6 Nc2 Kf6 Qh2 Kg6 f5+ Kf6 Qg3 Kg7 Qh3 Kf6 Ne6+ Kf7 Nf8 Kg7 Bf6+ Kf7 h8=Q,"[0.05775260925292969, 0.05253338813781738, 0.058064937591552734, 0.04859757423400879, 0.08652257919311523, 0.08346414566040039, 0.10611581802368164, 0.11720681190490723, 0.18574309349060059, 0.17084765434265137, 0.3003678321838379, 0.14002037048339844, 0.48557305335998535, 0.22444486618041992, 0.5181055068969727, 0.2778151035308838, 0.6268551349639893, 0.017158031463623047, 0.4958627223968506, 0.015536069869995117, 0.32869696617126465, 0.11024093627929688, 0.3540329933166504, 0.11342120170593262, 0.34133243560791016, 0.12424588203430176, 0.32860684394836426, 0.12479710578918457, 0.20392155647277832, 0.019572019577026367, 0.22260093688964844, 0.13095855712890625, 0.17372608184814453, 0.12066912651062012, 0.16175532341003418, 0.10782766342163086, 0.16344380378723145, 0.10840511322021484, 0.20847582817077637, 0.017533302307128906, 0.3578178882598877, 0.059533119201660156, 0.22747063636779785, 0.0604252815246582, 0.3551781177520752, 0.006076812744140625, 0.15121030807495117, 0.013585567474365234, 0.18105125427246094, 0.009978532791137695, 0.21275544166564941, 0.0041620731353759766, 0.18690180778503418, 0.004552364349365234, 0.26325392723083496, 0.004097938537597656, 0.1768348217010498, 0.004312753677368164, 0.2753596305847168, 0.04848194122314453, 0.24180984497070312, 0.007482051849365234, 0.16653943061828613, 0.015296697616577148, 0.16060423851013184, 0.03503727912902832, 0.281872034072876, 0.03327131271362305, 0.11679744720458984, 0.022473573684692383, 0.10058331489562988, 0.016977548599243164, 0.11197590827941895, 0.018883943557739258, 0.12129569053649902, 0.012678384780883789, 0.09890627861022949, 0.009559869766235352, 0.09148502349853516, 0.008594036102294922, 0.05964183807373047, 0.0049190521240234375, 0.0550386905670166, 0.01033473014831543, 0.06885075569152832, 0.006307363510131836, 0.059677839279174805, 0.0035028457641601562, 0.08574771881103516, 0.008229255676269531, 0.08787655830383301, 0.0035233497619628906, 0.07833170890808105, 0.008432865142822266, 0.11234545707702637, 0.009102344512939453, 0.09602165222167969, 0.008404254913330078, 0.10663056373596191, 0.012105941772460938, 0.08917474746704102, 0.008805274963378906, 0.09473443031311035, 0.010978937149047852, 0.08911585807800293, 0.007580757141113281, 0.09475827217102051, 0.01283717155456543, 0.09191298484802246, 0.013725996017456055, 0.08428549766540527, 0.032334327697753906, 0.13875937461853027, 0.03270840644836426, 0.12491035461425781, 0.015479326248168945, 0.12150788307189941, 0.028522729873657227, 0.13329005241394043, 0.0197904109954834, 0.11675715446472168, 0.010764122009277344, 0.1360034942626953, 0.013288497924804688, 0.10906386375427246, 0.014452457427978516, 0.16267943382263184, 0.015090465545654297, 0.14499139785766602, 0.02062511444091797, 0.1939256191253662, 0.01587367057800293, 0.18264555931091309, 0.00881052017211914, 0.11221432685852051, 0.014513254165649414, 0.12816071510314941, 0.010604381561279297, 0.11026978492736816, 0.0042307376861572266, 0.10684633255004883, 0.009542703628540039, 0.08655452728271484, 0.003949880599975586, 0.08323550224304199, 0.013940095901489258, 0.07171177864074707, 0.00957345962524414, 0.06701374053955078, 0.014036893844604492, 0.057359933853149414, 0.006257534027099609, 0.06486058235168457, 0.006602287292480469, 0.05912351608276367, 0.0029091835021972656, 0.022707462310791016, 0.0032634735107421875, 0.07174324989318848, 0.01978158950805664, 0.12795615196228027, 0.012393474578857422, 0.06703686714172363, 0.016858577728271484, 0.053084373474121094, 0.015254735946655273, 0.059964656829833984, 0.020699262619018555, 0.0646657943725586, 0.012801408767700195, 0.2206127643585205, 0.019297122955322266, 0.1466665267944336, 0.010710000991821289, 0.1907637119293213, 0.012167215347290039, 0.06207132339477539, 0.010476350784301758, 0.12670135498046875, 0.01034402847290039, 0.1236414909362793, 0.011656761169433594, 0.10544967651367188, 0.009928464889526367, 0.1306624412536621, 0.014264822006225586, 0.13149666786193848, 0.01037454605102539, 0.10026192665100098, 0.008333444595336914, 0.13903379440307617, 0.012082815170288086, 0.1595301628112793, 0.013511896133422852, 0.13176321983337402, 0.012275457382202148, 0.1128089427947998, 0.010150432586669922, 0.13229727745056152, 0.0074574947357177734, 0.11923837661743164, 0.0036597251892089844, 0.0303957462310791, 0.003757953643798828, 0.08529829978942871, 0.008314132690429688, 0.07549381256103516]",1.130434783
AVERAGE,0.1365064198,,,1.178629505